[{"id":1,"name":"Realbuzz"},
{"id":2,"name":"Yoveo"},
{"id":3,"name":"Leexo"},
{"id":4,"name":"Katz"},
{"id":5,"name":"Oyonder"},
{"id":6,"name":"Gabcube"},
{"id":7,"name":"Tanoodle"},
{"id":8,"name":"Quinu"},
{"id":9,"name":"Fivebridge"},
{"id":10,"name":"Trilia"},
{"id":11,"name":"Layo"},
{"id":12,"name":"Agivu"},
{"id":13,"name":"Linklinks"},
{"id":14,"name":"Talane"},
{"id":15,"name":"Avamm"},
{"id":16,"name":"Topicware"},
{"id":17,"name":"Youspan"},
{"id":18,"name":"Shufflebeat"},
{"id":19,"name":"Leenti"},
{"id":20,"name":"Ntags"},
{"id":21,"name":"Chatterpoint"},
{"id":22,"name":"Twitterbridge"},
{"id":23,"name":"Browsebug"},
{"id":24,"name":"Rhybox"},
{"id":25,"name":"Riffpath"},
{"id":26,"name":"Jaxspan"},
{"id":27,"name":"Wordpedia"},
{"id":28,"name":"Jabbersphere"},
{"id":29,"name":"Wikido"},
{"id":30,"name":"Zoovu"},
{"id":31,"name":"Vimbo"},
{"id":32,"name":"Livetube"},
{"id":33,"name":"Jetpulse"},
{"id":34,"name":"Thoughtbeat"},
{"id":35,"name":"Yabox"},
{"id":36,"name":"Katz"},
{"id":37,"name":"Innotype"},
{"id":38,"name":"Edgeclub"},
{"id":39,"name":"Jabberbean"},
{"id":40,"name":"Podcat"},
{"id":41,"name":"Linklinks"},
{"id":42,"name":"Innotype"},
{"id":43,"name":"Buzzdog"},
{"id":44,"name":"Brainverse"},
{"id":45,"name":"Tekfly"},
{"id":46,"name":"Gabtune"},
{"id":47,"name":"Brainsphere"},
{"id":48,"name":"Shufflester"},
{"id":49,"name":"Ooba"},
{"id":50,"name":"Devshare"},
{"id":51,"name":"Dynazzy"},
{"id":52,"name":"Kazu"},
{"id":53,"name":"Cogilith"},
{"id":54,"name":"Eazzy"},
{"id":55,"name":"Tagchat"},
{"id":56,"name":"Voolia"},
{"id":57,"name":"Yotz"},
{"id":58,"name":"Browsebug"},
{"id":59,"name":"DabZ"},
{"id":60,"name":"Kwinu"},
{"id":61,"name":"Yakijo"},
{"id":62,"name":"Thoughtbeat"},
{"id":63,"name":"Quinu"},
{"id":64,"name":"Voonix"},
{"id":65,"name":"Skippad"},
{"id":66,"name":"Quamba"},
{"id":67,"name":"Oyoba"},
{"id":68,"name":"Skyvu"},
{"id":69,"name":"Topicblab"},
{"id":70,"name":"Skibox"},
{"id":71,"name":"Dynava"},
{"id":72,"name":"Thoughtsphere"},
{"id":73,"name":"Dazzlesphere"},
{"id":74,"name":"Brainlounge"},
{"id":75,"name":"Yotz"},
{"id":76,"name":"Skyble"},
{"id":77,"name":"Katz"},
{"id":78,"name":"Meejo"},
{"id":79,"name":"Zoovu"},
{"id":80,"name":"Npath"},
{"id":81,"name":"Avaveo"},
{"id":82,"name":"Einti"},
{"id":83,"name":"Rooxo"},
{"id":84,"name":"Oyondu"},
{"id":85,"name":"Brightdog"},
{"id":86,"name":"Realbridge"},
{"id":87,"name":"Brainbox"},
{"id":88,"name":"Ooba"},
{"id":89,"name":"Flashset"},
{"id":90,"name":"Brainbox"},
{"id":91,"name":"Dabjam"},
{"id":92,"name":"Shufflebeat"},
{"id":93,"name":"Fivebridge"},
{"id":94,"name":"Wikivu"},
{"id":95,"name":"Feedbug"},
{"id":96,"name":"Abatz"},
{"id":97,"name":"Tagopia"},
{"id":98,"name":"Edgeclub"},
{"id":99,"name":"Thoughtstorm"},
{"id":100,"name":"Youbridge"},
{"id":101,"name":"Babblestorm"},
{"id":102,"name":"Twinder"},
{"id":103,"name":"Fatz"},
{"id":104,"name":"Meetz"},
{"id":105,"name":"Meembee"},
{"id":106,"name":"Topdrive"},
{"id":107,"name":"Kwinu"},
{"id":108,"name":"Edgeblab"},
{"id":109,"name":"Twinder"},
{"id":110,"name":"Rhycero"},
{"id":111,"name":"Digitube"},
{"id":112,"name":"Realcube"},
{"id":113,"name":"Roombo"},
{"id":114,"name":"Lajo"},
{"id":115,"name":"Tagopia"},
{"id":116,"name":"Fivechat"},
{"id":117,"name":"Youspan"},
{"id":118,"name":"Yodel"},
{"id":119,"name":"Yakidoo"},
{"id":120,"name":"Lazzy"},
{"id":121,"name":"Meetz"},
{"id":122,"name":"Kazio"},
{"id":123,"name":"Meetz"},
{"id":124,"name":"Skipfire"},
{"id":125,"name":"Jaxworks"},
{"id":126,"name":"Blogtags"},
{"id":127,"name":"Pixope"},
{"id":128,"name":"Skyndu"},
{"id":129,"name":"Yakidoo"},
{"id":130,"name":"Kazio"},
{"id":131,"name":"Meevee"},
{"id":132,"name":"Feedmix"},
{"id":133,"name":"Realmix"},
{"id":134,"name":"Centizu"},
{"id":135,"name":"Jayo"},
{"id":136,"name":"Rhynoodle"},
{"id":137,"name":"Fanoodle"},
{"id":138,"name":"Wordify"},
{"id":139,"name":"Jabbersphere"},
{"id":140,"name":"Kwinu"},
{"id":141,"name":"Rhynoodle"},
{"id":142,"name":"Pixonyx"},
{"id":143,"name":"Brightdog"},
{"id":144,"name":"Flipstorm"},
{"id":145,"name":"Tavu"},
{"id":146,"name":"Shufflebeat"},
{"id":147,"name":"Vimbo"},
{"id":148,"name":"Wikivu"},
{"id":149,"name":"Photobean"},
{"id":150,"name":"DabZ"},
{"id":151,"name":"Npath"},
{"id":152,"name":"Leenti"},
{"id":153,"name":"Zoozzy"},
{"id":154,"name":"JumpXS"},
{"id":155,"name":"Rooxo"},
{"id":156,"name":"Linktype"},
{"id":157,"name":"Buzzbean"},
{"id":158,"name":"BlogXS"},
{"id":159,"name":"Mydeo"},
{"id":160,"name":"Vimbo"},
{"id":161,"name":"Riffpedia"},
{"id":162,"name":"Dabtype"},
{"id":163,"name":"Dabjam"},
{"id":164,"name":"Meevee"},
{"id":165,"name":"Vimbo"},
{"id":166,"name":"Meetz"},
{"id":167,"name":"Twitterbridge"},
{"id":168,"name":"Youbridge"},
{"id":169,"name":"Mydo"},
{"id":170,"name":"Oozz"},
{"id":171,"name":"Rhynyx"},
{"id":172,"name":"Yodo"},
{"id":173,"name":"Fivespan"},
{"id":174,"name":"Skiptube"},
{"id":175,"name":"Dynabox"},
{"id":176,"name":"Kwimbee"},
{"id":177,"name":"Avaveo"},
{"id":178,"name":"Fivespan"},
{"id":179,"name":"Thoughtstorm"},
{"id":180,"name":"Skibox"},
{"id":181,"name":"Realblab"},
{"id":182,"name":"LiveZ"},
{"id":183,"name":"Photospace"},
{"id":184,"name":"Livepath"},
{"id":185,"name":"Topicstorm"},
{"id":186,"name":"Vinder"},
{"id":187,"name":"Edgeify"},
{"id":188,"name":"Skipstorm"},
{"id":189,"name":"Oyoyo"},
{"id":190,"name":"Trudeo"},
{"id":191,"name":"Quire"},
{"id":192,"name":"Kimia"},
{"id":193,"name":"Photobean"},
{"id":194,"name":"Jaxspan"},
{"id":195,"name":"Shufflester"},
{"id":196,"name":"Mudo"},
{"id":197,"name":"Skiba"},
{"id":198,"name":"Feedbug"},
{"id":199,"name":"Zoonder"},
{"id":200,"name":"Eimbee"},
{"id":201,"name":"Livetube"},
{"id":202,"name":"Bubbletube"},
{"id":203,"name":"Photobean"},
{"id":204,"name":"Livefish"},
{"id":205,"name":"Brainsphere"},
{"id":206,"name":"Skipstorm"},
{"id":207,"name":"Zazio"},
{"id":208,"name":"Rhyloo"},
{"id":209,"name":"Shuffletag"},
{"id":210,"name":"Skidoo"},
{"id":211,"name":"Eare"},
{"id":212,"name":"Edgeblab"},
{"id":213,"name":"Browsecat"},
{"id":214,"name":"Thoughtstorm"},
{"id":215,"name":"Jamia"},
{"id":216,"name":"Mynte"},
{"id":217,"name":"Browseblab"},
{"id":218,"name":"Meeveo"},
{"id":219,"name":"Meedoo"},
{"id":220,"name":"Leexo"},
{"id":221,"name":"Browsezoom"},
{"id":222,"name":"Chatterpoint"},
{"id":223,"name":"Dabtype"},
{"id":224,"name":"Vitz"},
{"id":225,"name":"Dynabox"},
{"id":226,"name":"Snaptags"},
{"id":227,"name":"Centidel"},
{"id":228,"name":"Muxo"},
{"id":229,"name":"Fivechat"},
{"id":230,"name":"Voomm"},
{"id":231,"name":"Realmix"},
{"id":232,"name":"Thoughtstorm"},
{"id":233,"name":"Wikido"},
{"id":234,"name":"Ozu"},
{"id":235,"name":"Realblab"},
{"id":236,"name":"Viva"},
{"id":237,"name":"Flipbug"},
{"id":238,"name":"Skynoodle"},
{"id":239,"name":"Mybuzz"},
{"id":240,"name":"Twitterbridge"},
{"id":241,"name":"Trilia"},
{"id":242,"name":"Rhycero"},
{"id":243,"name":"Fanoodle"},
{"id":244,"name":"Livefish"},
{"id":245,"name":"Voomm"},
{"id":246,"name":"Npath"},
{"id":247,"name":"Trunyx"},
{"id":248,"name":"Talane"},
{"id":249,"name":"Eidel"},
{"id":250,"name":"Dabfeed"},
{"id":251,"name":"BlogXS"},
{"id":252,"name":"Kwinu"},
{"id":253,"name":"Lajo"},
{"id":254,"name":"Oyoloo"},
{"id":255,"name":"Twinder"},
{"id":256,"name":"Plajo"},
{"id":257,"name":"Snaptags"},
{"id":258,"name":"Tagtune"},
{"id":259,"name":"Edgewire"},
{"id":260,"name":"Meevee"},
{"id":261,"name":"Blogtags"},
{"id":262,"name":"Twimbo"},
{"id":263,"name":"Yacero"},
{"id":264,"name":"Gabtune"},
{"id":265,"name":"Trilia"},
{"id":266,"name":"Plambee"},
{"id":267,"name":"Jabbersphere"},
{"id":268,"name":"Tagcat"},
{"id":269,"name":"Brightdog"},
{"id":270,"name":"Brightbean"},
{"id":271,"name":"Tagtune"},
{"id":272,"name":"Gigashots"},
{"id":273,"name":"Agivu"},
{"id":274,"name":"Photolist"},
{"id":275,"name":"Kimia"},
{"id":276,"name":"Youopia"},
{"id":277,"name":"Yotz"},
{"id":278,"name":"Jetpulse"},
{"id":279,"name":"Flashdog"},
{"id":280,"name":"Yombu"},
{"id":281,"name":"Flashpoint"},
{"id":282,"name":"Leexo"},
{"id":283,"name":"Twitterbridge"},
{"id":284,"name":"Flipbug"},
{"id":285,"name":"Divanoodle"},
{"id":286,"name":"Meezzy"},
{"id":287,"name":"Quire"},
{"id":288,"name":"Quinu"},
{"id":289,"name":"Yambee"},
{"id":290,"name":"Zooveo"},
{"id":291,"name":"Digitube"},
{"id":292,"name":"Wikivu"},
{"id":293,"name":"Shuffledrive"},
{"id":294,"name":"Yakijo"},
{"id":295,"name":"Gabtype"},
{"id":296,"name":"Eadel"},
{"id":297,"name":"Skippad"},
{"id":298,"name":"Twimbo"},
{"id":299,"name":"Flashspan"},
{"id":300,"name":"Camido"},
{"id":301,"name":"Eabox"},
{"id":302,"name":"Eabox"},
{"id":303,"name":"Feedfish"},
{"id":304,"name":"Devpoint"},
{"id":305,"name":"Chatterbridge"},
{"id":306,"name":"Skinix"},
{"id":307,"name":"Tanoodle"},
{"id":308,"name":"Wikivu"},
{"id":309,"name":"Realfire"},
{"id":310,"name":"Topiclounge"},
{"id":311,"name":"Edgeclub"},
{"id":312,"name":"Twinte"},
{"id":313,"name":"Trilia"},
{"id":314,"name":"Nlounge"},
{"id":315,"name":"Edgetag"},
{"id":316,"name":"Kwinu"},
{"id":317,"name":"Brainlounge"},
{"id":318,"name":"Yata"},
{"id":319,"name":"Feedbug"},
{"id":320,"name":"JumpXS"},
{"id":321,"name":"Meembee"},
{"id":322,"name":"Jaloo"},
{"id":323,"name":"Eamia"},
{"id":324,"name":"Yakijo"},
{"id":325,"name":"Dablist"},
{"id":326,"name":"Pixope"},
{"id":327,"name":"Vimbo"},
{"id":328,"name":"Devpoint"},
{"id":329,"name":"Rooxo"},
{"id":330,"name":"Yodoo"},
{"id":331,"name":"Youopia"},
{"id":332,"name":"Kwilith"},
{"id":333,"name":"Flashset"},
{"id":334,"name":"Feedspan"},
{"id":335,"name":"LiveZ"},
{"id":336,"name":"Gigaclub"},
{"id":337,"name":"Agimba"},
{"id":338,"name":"Mynte"},
{"id":339,"name":"Wordware"},
{"id":340,"name":"Shufflebeat"},
{"id":341,"name":"Jaloo"},
{"id":342,"name":"Topicblab"},
{"id":343,"name":"Oodoo"},
{"id":344,"name":"Skilith"},
{"id":345,"name":"Quire"},
{"id":346,"name":"Realpoint"},
{"id":347,"name":"Youfeed"},
{"id":348,"name":"Jetwire"},
{"id":349,"name":"Youspan"},
{"id":350,"name":"Shuffledrive"},
{"id":351,"name":"Digitube"},
{"id":352,"name":"Livetube"},
{"id":353,"name":"Eare"},
{"id":354,"name":"Topicblab"},
{"id":355,"name":"Yambee"},
{"id":356,"name":"Realbridge"},
{"id":357,"name":"Voomm"},
{"id":358,"name":"Tazz"},
{"id":359,"name":"Mybuzz"},
{"id":360,"name":"Dabtype"},
{"id":361,"name":"Eidel"},
{"id":362,"name":"Meeveo"},
{"id":363,"name":"Yotz"},
{"id":364,"name":"Quamba"},
{"id":365,"name":"Skinte"},
{"id":366,"name":"Feedbug"},
{"id":367,"name":"Divavu"},
{"id":368,"name":"Quaxo"},
{"id":369,"name":"Devify"},
{"id":370,"name":"Oodoo"},
{"id":371,"name":"Skyble"},
{"id":372,"name":"Skimia"},
{"id":373,"name":"Meevee"},
{"id":374,"name":"Skyvu"},
{"id":375,"name":"Cogilith"},
{"id":376,"name":"Twinte"},
{"id":377,"name":"Bubbletube"},
{"id":378,"name":"Kamba"},
{"id":379,"name":"Mybuzz"},
{"id":380,"name":"Cogidoo"},
{"id":381,"name":"Skinder"},
{"id":382,"name":"Oodoo"},
{"id":383,"name":"Jazzy"},
{"id":384,"name":"Skidoo"},
{"id":385,"name":"Quimba"},
{"id":386,"name":"Rhyzio"},
{"id":387,"name":"Meevee"},
{"id":388,"name":"Skippad"},
{"id":389,"name":"Blogpad"},
{"id":390,"name":"Twinte"},
{"id":391,"name":"Riffwire"},
{"id":392,"name":"Blogspan"},
{"id":393,"name":"Abata"},
{"id":394,"name":"Twitterbeat"},
{"id":395,"name":"Realfire"},
{"id":396,"name":"Dynabox"},
{"id":397,"name":"Twitterworks"},
{"id":398,"name":"Rhynoodle"},
{"id":399,"name":"Avavee"},
{"id":400,"name":"Photolist"},
{"id":401,"name":"Eimbee"},
{"id":402,"name":"Blogtags"},
{"id":403,"name":"Trupe"},
{"id":404,"name":"Dabshots"},
{"id":405,"name":"Linklinks"},
{"id":406,"name":"Photobug"},
{"id":407,"name":"Twimbo"},
{"id":408,"name":"Skimia"},
{"id":409,"name":"Divape"},
{"id":410,"name":"Trudoo"},
{"id":411,"name":"Divape"},
{"id":412,"name":"Miboo"},
{"id":413,"name":"Flipbug"},
{"id":414,"name":"Flipstorm"},
{"id":415,"name":"Dynabox"},
{"id":416,"name":"Centizu"},
{"id":417,"name":"Snaptags"},
{"id":418,"name":"JumpXS"},
{"id":419,"name":"Realcube"},
{"id":420,"name":"Blognation"},
{"id":421,"name":"Voomm"},
{"id":422,"name":"Jayo"},
{"id":423,"name":"LiveZ"},
{"id":424,"name":"Blogspan"},
{"id":425,"name":"Jabberstorm"},
{"id":426,"name":"Centimia"},
{"id":427,"name":"Mydeo"},
{"id":428,"name":"Blognation"},
{"id":429,"name":"Thoughtblab"},
{"id":430,"name":"Twitterwire"},
{"id":431,"name":"Fiveclub"},
{"id":432,"name":"Brightbean"},
{"id":433,"name":"Centimia"},
{"id":434,"name":"Gabtype"},
{"id":435,"name":"Nlounge"},
{"id":436,"name":"Mita"},
{"id":437,"name":"Mynte"},
{"id":438,"name":"Browsebug"},
{"id":439,"name":"Jaxbean"},
{"id":440,"name":"Aimbo"},
{"id":441,"name":"Oyoba"},
{"id":442,"name":"Skiba"},
{"id":443,"name":"Nlounge"},
{"id":444,"name":"Topicstorm"},
{"id":445,"name":"Gabtune"},
{"id":446,"name":"Bluejam"},
{"id":447,"name":"Skidoo"},
{"id":448,"name":"Eadel"},
{"id":449,"name":"Voonder"},
{"id":450,"name":"Wordify"},
{"id":451,"name":"Oyoloo"},
{"id":452,"name":"Brightdog"},
{"id":453,"name":"Snaptags"},
{"id":454,"name":"Livetube"},
{"id":455,"name":"Zoozzy"},
{"id":456,"name":"Meembee"},
{"id":457,"name":"Pixoboo"},
{"id":458,"name":"Twinte"},
{"id":459,"name":"Yacero"},
{"id":460,"name":"Voonix"},
{"id":461,"name":"Twiyo"},
{"id":462,"name":"Yata"},
{"id":463,"name":"Meeveo"},
{"id":464,"name":"Livetube"},
{"id":465,"name":"Eimbee"},
{"id":466,"name":"Fliptune"},
{"id":467,"name":"Zoovu"},
{"id":468,"name":"Jazzy"},
{"id":469,"name":"Flashset"},
{"id":470,"name":"Npath"},
{"id":471,"name":"Meembee"},
{"id":472,"name":"Vinder"},
{"id":473,"name":"Livepath"},
{"id":474,"name":"Skinder"},
{"id":475,"name":"Livetube"},
{"id":476,"name":"Photofeed"},
{"id":477,"name":"Yata"},
{"id":478,"name":"Trilia"},
{"id":479,"name":"Zoomdog"},
{"id":480,"name":"Skynoodle"},
{"id":481,"name":"Feedfish"},
{"id":482,"name":"Jabbertype"},
{"id":483,"name":"Kanoodle"},
{"id":484,"name":"Vipe"},
{"id":485,"name":"Plambee"},
{"id":486,"name":"Thoughtworks"},
{"id":487,"name":"Meeveo"},
{"id":488,"name":"Realmix"},
{"id":489,"name":"Livefish"},
{"id":490,"name":"Meetz"},
{"id":491,"name":"Blogpad"},
{"id":492,"name":"Topicshots"},
{"id":493,"name":"Lajo"},
{"id":494,"name":"Aibox"},
{"id":495,"name":"Fatz"},
{"id":496,"name":"Bluejam"},
{"id":497,"name":"Lazzy"},
{"id":498,"name":"Blogpad"},
{"id":499,"name":"Twinder"},
{"id":500,"name":"Meevee"},
{"id":501,"name":"Leenti"},
{"id":502,"name":"Skivee"},
{"id":503,"name":"Jabbertype"},
{"id":504,"name":"Blogtag"},
{"id":505,"name":"Flipstorm"},
{"id":506,"name":"Meemm"},
{"id":507,"name":"Brainlounge"},
{"id":508,"name":"Twimm"},
{"id":509,"name":"Zoozzy"},
{"id":510,"name":"Browseblab"},
{"id":511,"name":"Abatz"},
{"id":512,"name":"Browsebug"},
{"id":513,"name":"Buzzdog"},
{"id":514,"name":"Dabshots"},
{"id":515,"name":"Blogtags"},
{"id":516,"name":"Yadel"},
{"id":517,"name":"Lazzy"},
{"id":518,"name":"Skipstorm"},
{"id":519,"name":"Zooveo"},
{"id":520,"name":"Aimbu"},
{"id":521,"name":"Minyx"},
{"id":522,"name":"Cogilith"},
{"id":523,"name":"Realpoint"},
{"id":524,"name":"Meembee"},
{"id":525,"name":"Topiczoom"},
{"id":526,"name":"Skalith"},
{"id":527,"name":"Thoughtstorm"},
{"id":528,"name":"Linktype"},
{"id":529,"name":"Fatz"},
{"id":530,"name":"Browseblab"},
{"id":531,"name":"Vitz"},
{"id":532,"name":"Camimbo"},
{"id":533,"name":"Meevee"},
{"id":534,"name":"Oloo"},
{"id":535,"name":"Twinte"},
{"id":536,"name":"Brainbox"},
{"id":537,"name":"Skivee"},
{"id":538,"name":"Bubbletube"},
{"id":539,"name":"Skipfire"},
{"id":540,"name":"Realbuzz"},
{"id":541,"name":"Voomm"},
{"id":542,"name":"Wordify"},
{"id":543,"name":"Wikido"},
{"id":544,"name":"Zoomcast"},
{"id":545,"name":"InnoZ"},
{"id":546,"name":"Bluejam"},
{"id":547,"name":"Avamba"},
{"id":548,"name":"Eare"},
{"id":549,"name":"Agimba"},
{"id":550,"name":"Mydo"},
{"id":551,"name":"Voolia"},
{"id":552,"name":"Leenti"},
{"id":553,"name":"Ntags"},
{"id":554,"name":"Wikivu"},
{"id":555,"name":"Kwilith"},
{"id":556,"name":"Nlounge"},
{"id":557,"name":"Quaxo"},
{"id":558,"name":"Gabvine"},
{"id":559,"name":"Feedfire"},
{"id":560,"name":"Ntags"},
{"id":561,"name":"Zazio"},
{"id":562,"name":"Jabbersphere"},
{"id":563,"name":"Rooxo"},
{"id":564,"name":"Devshare"},
{"id":565,"name":"Devpulse"},
{"id":566,"name":"Cogibox"},
{"id":567,"name":"Buzzdog"},
{"id":568,"name":"Zoomdog"},
{"id":569,"name":"Leenti"},
{"id":570,"name":"Thoughtbridge"},
{"id":571,"name":"Demivee"},
{"id":572,"name":"Plajo"},
{"id":573,"name":"Voonix"},
{"id":574,"name":"Dynabox"},
{"id":575,"name":"Quaxo"},
{"id":576,"name":"Yabox"},
{"id":577,"name":"Twitterlist"},
{"id":578,"name":"Voolia"},
{"id":579,"name":"Voolith"},
{"id":580,"name":"Quatz"},
{"id":581,"name":"Izio"},
{"id":582,"name":"Izio"},
{"id":583,"name":"Riffpath"},
{"id":584,"name":"Wikizz"},
{"id":585,"name":"Realmix"},
{"id":586,"name":"Camimbo"},
{"id":587,"name":"Cogibox"},
{"id":588,"name":"Jabbersphere"},
{"id":589,"name":"Twiyo"},
{"id":590,"name":"Flipbug"},
{"id":591,"name":"Gigaclub"},
{"id":592,"name":"Linktype"},
{"id":593,"name":"Voomm"},
{"id":594,"name":"Browsedrive"},
{"id":595,"name":"Wikizz"},
{"id":596,"name":"Podcat"},
{"id":597,"name":"Skivee"},
{"id":598,"name":"Miboo"},
{"id":599,"name":"Devpoint"},
{"id":600,"name":"Thoughtworks"},
{"id":601,"name":"Trilith"},
{"id":602,"name":"Katz"},
{"id":603,"name":"Innotype"},
{"id":604,"name":"Tavu"},
{"id":605,"name":"Kayveo"},
{"id":606,"name":"Thoughtmix"},
{"id":607,"name":"Cogilith"},
{"id":608,"name":"Dazzlesphere"},
{"id":609,"name":"Avaveo"},
{"id":610,"name":"Realcube"},
{"id":611,"name":"Miboo"},
{"id":612,"name":"Quamba"},
{"id":613,"name":"Linklinks"},
{"id":614,"name":"Yodoo"},
{"id":615,"name":"Yodel"},
{"id":616,"name":"Zoomlounge"},
{"id":617,"name":"Quaxo"},
{"id":618,"name":"Gabvine"},
{"id":619,"name":"Jatri"},
{"id":620,"name":"Buzzdog"},
{"id":621,"name":"Skimia"},
{"id":622,"name":"Thoughtsphere"},
{"id":623,"name":"Brainsphere"},
{"id":624,"name":"Buzzdog"},
{"id":625,"name":"Pixope"},
{"id":626,"name":"Yodo"},
{"id":627,"name":"Vidoo"},
{"id":628,"name":"Muxo"},
{"id":629,"name":"Snaptags"},
{"id":630,"name":"Quire"},
{"id":631,"name":"Bubbletube"},
{"id":632,"name":"Omba"},
{"id":633,"name":"Aimbu"},
{"id":634,"name":"Feedfish"},
{"id":635,"name":"Tagcat"},
{"id":636,"name":"Quinu"},
{"id":637,"name":"Snaptags"},
{"id":638,"name":"Zoonoodle"},
{"id":639,"name":"Agivu"},
{"id":640,"name":"Zoombeat"},
{"id":641,"name":"Brightdog"},
{"id":642,"name":"Bluezoom"},
{"id":643,"name":"Agivu"},
{"id":644,"name":"Gabcube"},
{"id":645,"name":"Jabbercube"},
{"id":646,"name":"Kayveo"},
{"id":647,"name":"Fatz"},
{"id":648,"name":"Twitterworks"},
{"id":649,"name":"Innojam"},
{"id":650,"name":"Browsezoom"},
{"id":651,"name":"Devcast"},
{"id":652,"name":"Twitterworks"},
{"id":653,"name":"Trilia"},
{"id":654,"name":"Vipe"},
{"id":655,"name":"Skyba"},
{"id":656,"name":"Tazzy"},
{"id":657,"name":"Livefish"},
{"id":658,"name":"Skajo"},
{"id":659,"name":"Oyondu"},
{"id":660,"name":"Quinu"},
{"id":661,"name":"Roombo"},
{"id":662,"name":"Kanoodle"},
{"id":663,"name":"Wikido"},
{"id":664,"name":"Devcast"},
{"id":665,"name":"Jayo"},
{"id":666,"name":"Edgeblab"},
{"id":667,"name":"Wikibox"},
{"id":668,"name":"InnoZ"},
{"id":669,"name":"Jaxbean"},
{"id":670,"name":"Leenti"},
{"id":671,"name":"Quimba"},
{"id":672,"name":"Aimbu"},
{"id":673,"name":"Gigaclub"},
{"id":674,"name":"Mynte"},
{"id":675,"name":"Yombu"},
{"id":676,"name":"Avamm"},
{"id":677,"name":"Fivebridge"},
{"id":678,"name":"Quire"},
{"id":679,"name":"Dabvine"},
{"id":680,"name":"Wordify"},
{"id":681,"name":"Avavee"},
{"id":682,"name":"Jaxworks"},
{"id":683,"name":"Tazzy"},
{"id":684,"name":"Twitterbeat"},
{"id":685,"name":"Oyonder"},
{"id":686,"name":"Roodel"},
{"id":687,"name":"Topicstorm"},
{"id":688,"name":"Blognation"},
{"id":689,"name":"Meembee"},
{"id":690,"name":"Wordware"},
{"id":691,"name":"Blogspan"},
{"id":692,"name":"Browsedrive"},
{"id":693,"name":"Katz"},
{"id":694,"name":"Mydeo"},
{"id":695,"name":"Brainbox"},
{"id":696,"name":"Shufflester"},
{"id":697,"name":"Thoughtblab"},
{"id":698,"name":"Zooveo"},
{"id":699,"name":"Bluezoom"},
{"id":700,"name":"Topicware"},
{"id":701,"name":"Oba"},
{"id":702,"name":"Dabshots"},
{"id":703,"name":"Tagfeed"},
{"id":704,"name":"Flipstorm"},
{"id":705,"name":"Rhynyx"},
{"id":706,"name":"Oyondu"},
{"id":707,"name":"Aivee"},
{"id":708,"name":"Skyble"},
{"id":709,"name":"Jayo"},
{"id":710,"name":"Demivee"},
{"id":711,"name":"Brightbean"},
{"id":712,"name":"Livefish"},
{"id":713,"name":"Yotz"},
{"id":714,"name":"Fiveclub"},
{"id":715,"name":"Kare"},
{"id":716,"name":"Topicblab"},
{"id":717,"name":"Edgewire"},
{"id":718,"name":"Skiptube"},
{"id":719,"name":"Zoonoodle"},
{"id":720,"name":"Yakitri"},
{"id":721,"name":"Rhycero"},
{"id":722,"name":"Feedmix"},
{"id":723,"name":"Topicware"},
{"id":724,"name":"Chatterpoint"},
{"id":725,"name":"Cogilith"},
{"id":726,"name":"Vinte"},
{"id":727,"name":"Chatterpoint"},
{"id":728,"name":"Zava"},
{"id":729,"name":"Layo"},
{"id":730,"name":"Topicware"},
{"id":731,"name":"Babbleset"},
{"id":732,"name":"Voomm"},
{"id":733,"name":"Vimbo"},
{"id":734,"name":"Divanoodle"},
{"id":735,"name":"Pixope"},
{"id":736,"name":"Realpoint"},
{"id":737,"name":"Flipopia"},
{"id":738,"name":"Oba"},
{"id":739,"name":"Photospace"},
{"id":740,"name":"JumpXS"},
{"id":741,"name":"Eazzy"},
{"id":742,"name":"Skinder"},
{"id":743,"name":"Wikivu"},
{"id":744,"name":"Yodo"},
{"id":745,"name":"Twiyo"},
{"id":746,"name":"Dablist"},
{"id":747,"name":"Quinu"},
{"id":748,"name":"Youfeed"},
{"id":749,"name":"Kaymbo"},
{"id":750,"name":"Tazz"},
{"id":751,"name":"Rhyloo"},
{"id":752,"name":"Yozio"},
{"id":753,"name":"Voonder"},
{"id":754,"name":"Zava"},
{"id":755,"name":"Wordtune"},
{"id":756,"name":"Kimia"},
{"id":757,"name":"Shuffletag"},
{"id":758,"name":"Riffpath"},
{"id":759,"name":"Twitterlist"},
{"id":760,"name":"Thoughtmix"},
{"id":761,"name":"Brainlounge"},
{"id":762,"name":"Jayo"},
{"id":763,"name":"Kamba"},
{"id":764,"name":"Brainlounge"},
{"id":765,"name":"Skidoo"},
{"id":766,"name":"Browsezoom"},
{"id":767,"name":"Yakidoo"},
{"id":768,"name":"Flashspan"},
{"id":769,"name":"Jatri"},
{"id":770,"name":"Zava"},
{"id":771,"name":"Feedbug"},
{"id":772,"name":"Brightdog"},
{"id":773,"name":"Kayveo"},
{"id":774,"name":"Brainverse"},
{"id":775,"name":"Roombo"},
{"id":776,"name":"Topiczoom"},
{"id":777,"name":"Jabbertype"},
{"id":778,"name":"Skaboo"},
{"id":779,"name":"Youopia"},
{"id":780,"name":"Skyndu"},
{"id":781,"name":"Realbuzz"},
{"id":782,"name":"Quatz"},
{"id":783,"name":"Tagpad"},
{"id":784,"name":"Aivee"},
{"id":785,"name":"Agimba"},
{"id":786,"name":"Youbridge"},
{"id":787,"name":"Devify"},
{"id":788,"name":"Zava"},
{"id":789,"name":"Jabberstorm"},
{"id":790,"name":"Centizu"},
{"id":791,"name":"Tazz"},
{"id":792,"name":"Skyba"},
{"id":793,"name":"Innojam"},
{"id":794,"name":"Linktype"},
{"id":795,"name":"Meeveo"},
{"id":796,"name":"Divanoodle"},
{"id":797,"name":"Realfire"},
{"id":798,"name":"Feedbug"},
{"id":799,"name":"Dynazzy"},
{"id":800,"name":"Dabtype"},
{"id":801,"name":"Fliptune"},
{"id":802,"name":"Babbleblab"},
{"id":803,"name":"Devshare"},
{"id":804,"name":"Thoughtstorm"},
{"id":805,"name":"Jaloo"},
{"id":806,"name":"Wikizz"},
{"id":807,"name":"Tagfeed"},
{"id":808,"name":"Realcube"},
{"id":809,"name":"Cogibox"},
{"id":810,"name":"Gabcube"},
{"id":811,"name":"Blogspan"},
{"id":812,"name":"Babbleblab"},
{"id":813,"name":"Reallinks"},
{"id":814,"name":"Vidoo"},
{"id":815,"name":"Flipopia"},
{"id":816,"name":"Tambee"},
{"id":817,"name":"Jayo"},
{"id":818,"name":"Twitterbridge"},
{"id":819,"name":"Geba"},
{"id":820,"name":"Riffpedia"},
{"id":821,"name":"Yamia"},
{"id":822,"name":"LiveZ"},
{"id":823,"name":"Twitterworks"},
{"id":824,"name":"Kazu"},
{"id":825,"name":"Dabshots"},
{"id":826,"name":"Skyndu"},
{"id":827,"name":"Linktype"},
{"id":828,"name":"Gevee"},
{"id":829,"name":"Ntags"},
{"id":830,"name":"Aibox"},
{"id":831,"name":"Youspan"},
{"id":832,"name":"Jabbercube"},
{"id":833,"name":"Feedfish"},
{"id":834,"name":"Digitube"},
{"id":835,"name":"Meezzy"},
{"id":836,"name":"Innotype"},
{"id":837,"name":"Flipstorm"},
{"id":838,"name":"Ozu"},
{"id":839,"name":"Devpoint"},
{"id":840,"name":"Youfeed"},
{"id":841,"name":"Gevee"},
{"id":842,"name":"Realmix"},
{"id":843,"name":"Twimm"},
{"id":844,"name":"Devbug"},
{"id":845,"name":"Dablist"},
{"id":846,"name":"Jabbersphere"},
{"id":847,"name":"Centizu"},
{"id":848,"name":"Gabvine"},
{"id":849,"name":"Einti"},
{"id":850,"name":"Rhyloo"},
{"id":851,"name":"Wikizz"},
{"id":852,"name":"Quamba"},
{"id":853,"name":"Ntag"},
{"id":854,"name":"Roodel"},
{"id":855,"name":"Gigaclub"},
{"id":856,"name":"Fanoodle"},
{"id":857,"name":"Chatterbridge"},
{"id":858,"name":"Aibox"},
{"id":859,"name":"Wikizz"},
{"id":860,"name":"Pixoboo"},
{"id":861,"name":"Gigabox"},
{"id":862,"name":"Youopia"},
{"id":863,"name":"Photofeed"},
{"id":864,"name":"Devcast"},
{"id":865,"name":"Mybuzz"},
{"id":866,"name":"Bluejam"},
{"id":867,"name":"Thoughtbridge"},
{"id":868,"name":"Brainlounge"},
{"id":869,"name":"Browsetype"},
{"id":870,"name":"Rhynyx"},
{"id":871,"name":"Plajo"},
{"id":872,"name":"Zooveo"},
{"id":873,"name":"Kare"},
{"id":874,"name":"Edgeify"},
{"id":875,"name":"Tazzy"},
{"id":876,"name":"Skiba"},
{"id":877,"name":"Viva"},
{"id":878,"name":"Yambee"},
{"id":879,"name":"Babbleset"},
{"id":880,"name":"Izio"},
{"id":881,"name":"Rhybox"},
{"id":882,"name":"Topicstorm"},
{"id":883,"name":"Livefish"},
{"id":884,"name":"Fiveclub"},
{"id":885,"name":"Yombu"},
{"id":886,"name":"Feednation"},
{"id":887,"name":"Babbleset"},
{"id":888,"name":"Cogilith"},
{"id":889,"name":"Gabtune"},
{"id":890,"name":"Youspan"},
{"id":891,"name":"Demivee"},
{"id":892,"name":"Mynte"},
{"id":893,"name":"Oloo"},
{"id":894,"name":"Roombo"},
{"id":895,"name":"Shufflebeat"},
{"id":896,"name":"Tazzy"},
{"id":897,"name":"Yodel"},
{"id":898,"name":"Gabvine"},
{"id":899,"name":"Quamba"},
{"id":900,"name":"Skivee"},
{"id":901,"name":"Yacero"},
{"id":902,"name":"Youbridge"},
{"id":903,"name":"Eire"},
{"id":904,"name":"Zoomlounge"},
{"id":905,"name":"Jabbercube"},
{"id":906,"name":"Gigazoom"},
{"id":907,"name":"JumpXS"},
{"id":908,"name":"Thoughtbeat"},
{"id":909,"name":"Vinte"},
{"id":910,"name":"Zoovu"},
{"id":911,"name":"Zooveo"},
{"id":912,"name":"Agimba"},
{"id":913,"name":"Kwimbee"},
{"id":914,"name":"Feedspan"},
{"id":915,"name":"Rhyzio"},
{"id":916,"name":"Realbridge"},
{"id":917,"name":"Gabtype"},
{"id":918,"name":"Demivee"},
{"id":919,"name":"Vinder"},
{"id":920,"name":"Leexo"},
{"id":921,"name":"Eimbee"},
{"id":922,"name":"Oyondu"},
{"id":923,"name":"Riffpedia"},
{"id":924,"name":"Livefish"},
{"id":925,"name":"Gabvine"},
{"id":926,"name":"Einti"},
{"id":927,"name":"Eazzy"},
{"id":928,"name":"Skibox"},
{"id":929,"name":"Thoughtblab"},
{"id":930,"name":"Meetz"},
{"id":931,"name":"Roomm"},
{"id":932,"name":"Kwideo"},
{"id":933,"name":"Skaboo"},
{"id":934,"name":"Brainlounge"},
{"id":935,"name":"Lajo"},
{"id":936,"name":"Voolith"},
{"id":937,"name":"Camimbo"},
{"id":938,"name":"Kaymbo"},
{"id":939,"name":"Voonte"},
{"id":940,"name":"Yakijo"},
{"id":941,"name":"Dabvine"},
{"id":942,"name":"Topicware"},
{"id":943,"name":"Quimba"},
{"id":944,"name":"Oyonder"},
{"id":945,"name":"Linkbridge"},
{"id":946,"name":"Twinte"},
{"id":947,"name":"Zoombox"},
{"id":948,"name":"Jaxworks"},
{"id":949,"name":"Zoovu"},
{"id":950,"name":"Trunyx"},
{"id":951,"name":"Jabberstorm"},
{"id":952,"name":"Gigabox"},
{"id":953,"name":"Livetube"},
{"id":954,"name":"Photobug"},
{"id":955,"name":"Wikivu"},
{"id":956,"name":"Thoughtmix"},
{"id":957,"name":"Zooxo"},
{"id":958,"name":"Browseblab"},
{"id":959,"name":"Yodel"},
{"id":960,"name":"Vinder"},
{"id":961,"name":"Gigabox"},
{"id":962,"name":"Zava"},
{"id":963,"name":"Devpulse"},
{"id":964,"name":"Skipfire"},
{"id":965,"name":"Dynava"},
{"id":966,"name":"Kwideo"},
{"id":967,"name":"Eayo"},
{"id":968,"name":"Livefish"},
{"id":969,"name":"Twimbo"},
{"id":970,"name":"Aimbu"},
{"id":971,"name":"Dynava"},
{"id":972,"name":"Tavu"},
{"id":973,"name":"Flashspan"},
{"id":974,"name":"Jaxnation"},
{"id":975,"name":"Flashdog"},
{"id":976,"name":"Avamm"},
{"id":977,"name":"Flipbug"},
{"id":978,"name":"Linklinks"},
{"id":979,"name":"Thoughtblab"},
{"id":980,"name":"Babblestorm"},
{"id":981,"name":"Zoovu"},
{"id":982,"name":"Aimbu"},
{"id":983,"name":"Twitterlist"},
{"id":984,"name":"Meedoo"},
{"id":985,"name":"Mynte"},
{"id":986,"name":"Voonte"},
{"id":987,"name":"Realfire"},
{"id":988,"name":"Kare"},
{"id":989,"name":"Linktype"},
{"id":990,"name":"Centizu"},
{"id":991,"name":"Jayo"},
{"id":992,"name":"Flipstorm"},
{"id":993,"name":"Brainverse"},
{"id":994,"name":"Thoughtsphere"},
{"id":995,"name":"Thoughtblab"},
{"id":996,"name":"Thoughtworks"},
{"id":997,"name":"Kamba"},
{"id":998,"name":"Zoomzone"},
{"id":999,"name":"Youbridge"},
{"id":1000,"name":"Twitterwire"}]