id,name
1,Demivee
2,Yodel
3,Talane
4,Wikido
5,Thoughtmix
6,Buzzshare
7,Gabcube
8,Edgepulse
9,Twitterworks
10,Gigazoom
11,Skivee
12,Muxo
13,Wordify
14,Photobug
15,Feedfish
16,Myworks
17,Einti
18,Abata
19,Tazzy
20,Latz
21,Jayo
22,Devshare
23,Rhynyx
24,Ntag
25,Zooxo
26,Cogibox
27,Buzzbean
28,Realpoint
29,Oyoba
30,Skipstorm
31,Centizu
32,Babbleopia
33,Devify
34,Wordpedia
35,Livetube
36,Jaxspan
37,Mynte
38,Meejo
39,Jaloo
40,Tavu
41,Tanoodle
42,Eadel
43,Skipstorm
44,Rhycero
45,Shufflebeat
46,Edgeclub
47,Devcast
48,Edgeclub
49,Tagtune
50,BlogXS
51,InnoZ
52,Skidoo
53,Skalith
54,Skinder
55,Muxo
56,Skajo
57,Nlounge
58,Wikivu
59,Shufflester
60,Thoughtblab
61,Jayo
62,Dynabox
63,Skyvu
64,Muxo
65,Edgewire
66,Yakidoo
67,Ozu
68,Gigashots
69,Roodel
70,Brightdog
71,Mymm
72,Skinix
73,Voonte
74,Topdrive
75,Realmix
76,Riffpedia
77,Edgetag
78,DabZ
79,Zazio
80,Jabbertype
81,Jaxnation
82,Riffwire
83,Centimia
84,Avamm
85,Yotz
86,BlogXS
87,Vimbo
88,Tambee
89,Quinu
90,Twiyo
91,Fadeo
92,Pixonyx
93,Rhycero
94,Kwimbee
95,Riffwire
96,Dabtype
97,Pixoboo
98,Realpoint
99,Tekfly
100,Abatz
101,Eare
102,Yadel
103,Devcast
104,Skyble
105,Meevee
106,Livefish
107,Leenti
108,Edgepulse
109,Quamba
110,Gabspot
111,Oyonder
112,Twimm
113,Realblab
114,Divavu
115,Livepath
116,Tanoodle
117,Youbridge
118,Brainverse
119,Eare
120,Nlounge
121,Oozz
122,Browsebug
123,Photospace
124,Twitterwire
125,Devbug
126,Divanoodle
127,Buzzshare
128,Dynazzy
129,Camimbo
130,Trupe
131,Skajo
132,Avamm
133,Tazz
134,Eidel
135,Bubblebox
136,Agivu
137,Jaloo
138,Devpoint
139,Agimba
140,Flipopia
141,Riffpath
142,Topiczoom
143,Skiba
144,Kaymbo
145,Skalith
146,Yodo
147,Edgeify
148,Gabtype
149,Realfire
150,Skippad
151,Brainbox
152,Teklist
153,Wordpedia
154,Avaveo
155,Voolia
156,Blogtags
157,Realpoint
158,Browseblab
159,Ainyx
160,Nlounge
161,Flipbug
162,Photofeed
163,Cogilith
164,Jaxspan
165,Trilith
166,Flashpoint
167,Quamba
168,Shuffledrive
169,Jabbersphere
170,Rhynoodle
171,Flashpoint
172,Chatterbridge
173,Skaboo
174,LiveZ
175,Voolia
176,Lazzy
177,Quire
178,Brightdog
179,Thoughtstorm
180,Kwinu
181,Quamba
182,Dabjam
183,Demivee
184,Devcast
185,Linktype
186,Skaboo
187,Riffpedia
188,Feedfish
189,Digitube
190,Gigabox
191,Avamm
192,Realcube
193,Zooxo
194,Yabox
195,Youfeed
196,Tambee
197,Voomm
198,Livefish
199,Realblab
200,Skalith
201,Skivee
202,Brainsphere
203,Eadel
204,Mymm
205,Snaptags
206,Agivu
207,Bubblemix
208,Gigabox
209,Jetwire
210,Chatterbridge
211,Brightbean
212,Oyope
213,Yodoo
214,Pixope
215,Wordtune
216,Edgeblab
217,Plajo
218,Zoomcast
219,Trudoo
220,Yacero
221,Meetz
222,Browsecat
223,Brainlounge
224,Flashdog
225,Zoonder
226,Photolist
227,Brainsphere
228,Meezzy
229,Dablist
230,Vinte
231,Flipbug
232,Bluejam
233,Tagopia
234,Feedmix
235,Dablist
236,Kwideo
237,Youspan
238,Trupe
239,Livepath
240,Yozio
241,Livetube
242,Demivee
243,Thoughtmix
244,Twimbo
245,Tagcat
246,Yodo
247,Topicstorm
248,Vinder
249,Jaloo
250,Divavu
251,Gabtype
252,Bluezoom
253,Camido
254,Yodel
255,Feedmix
256,Blogtags
257,Chatterpoint
258,Avavee
259,Tanoodle
260,Thoughtworks
261,Jetpulse
262,Aivee
263,Trilia
264,Shufflester
265,Roombo
266,Skibox
267,Mymm
268,Ailane
269,Pixonyx
270,Oyoyo
271,Demizz
272,Zooxo
273,Vinder
274,Shufflester
275,Realcube
276,Thoughtstorm
277,Twitterwire
278,Avamba
279,Linklinks
280,Realbridge
281,Devshare
282,Meezzy
283,Ntags
284,Photofeed
285,Skimia
286,Tavu
287,Vimbo
288,Thoughtsphere
289,Dabvine
290,Devbug
291,Digitube
292,Youtags
293,Chatterbridge
294,Gabspot
295,Wikizz
296,Plajo
297,Avamba
298,Meevee
299,Tambee
300,Linklinks
301,Jabbersphere
302,Quatz
303,Browsedrive
304,Rhynoodle
305,Flashspan
306,Oyoba
307,Lazzy
308,Dynabox
309,Skyba
310,Tambee
311,Babblestorm
312,Feednation
313,Edgeify
314,Mymm
315,Skipfire
316,Skinder
317,Kazio
318,Youspan
319,Innotype
320,Edgewire
321,Yozio
322,Vitz
323,Riffpedia
324,Youspan
325,Tanoodle
326,Realcube
327,Realblab
328,Kayveo
329,Tavu
330,Jabberstorm
331,Gabtype
332,Realmix
333,Topiclounge
334,Devify
335,Eadel
336,LiveZ
337,Yombu
338,Npath
339,Rhycero
340,Yodel
341,Linktype
342,Teklist
343,Tanoodle
344,Wikizz
345,Kwilith
346,Abata
347,Twinder
348,Jabbersphere
349,Omba
350,Avamm
351,Reallinks
352,Tazz
353,Edgepulse
354,Jatri
355,Wordify
356,Photojam
357,Realpoint
358,Gabtune
359,Skivee
360,Divavu
361,Fivechat
362,Ainyx
363,Vitz
364,Fiveclub
365,Thoughtmix
366,Dynabox
367,Yambee
368,Minyx
369,Eayo
370,Jayo
371,Leenti
372,Voomm
373,Mycat
374,Zoomdog
375,Centidel
376,Jabbercube
377,Topiclounge
378,Tagcat
379,Bluejam
380,Voonder
381,Fivespan
382,Aivee
383,Yakitri
384,Tagcat
385,Tagopia
386,Jabberbean
387,Oloo
388,Edgeblab
389,Trilith
390,Shuffletag
391,Eire
392,Dabvine
393,Linkbuzz
394,Buzzdog
395,Gevee
396,Divape
397,Jabbersphere
398,Mita
399,DabZ
400,Skivee
401,Viva
402,Eadel
403,Meezzy
404,Devshare
405,Mybuzz
406,Oyondu
407,Roodel
408,Fanoodle
409,Wikido
410,Kwideo
411,Kwilith
412,Nlounge
413,Vitz
414,Wordtune
415,Zoonoodle
416,Teklist
417,Lajo
418,Yombu
419,Shufflester
420,Dablist
421,Skalith
422,Rooxo
423,Skyndu
424,Gabspot
425,Lazzy
426,Youbridge
427,Meezzy
428,Edgeblab
429,Quatz
430,Rhynoodle
431,Feedspan
432,Aibox
433,Jayo
434,Skyvu
435,Linklinks
436,Kayveo
437,Bluejam
438,Einti
439,Skivee
440,Skidoo
441,Buzzshare
442,Realbuzz
443,Skyble
444,Gigazoom
445,Lazzy
446,Browseblab
447,Divavu
448,Wikibox
449,Gigabox
450,Jaxspan
451,Twimm
452,Flipbug
453,Twitterbeat
454,Voolia
455,Edgewire
456,Zoonoodle
457,Jaxnation
458,Youbridge
459,Wordify
460,Brainverse
461,Jabberstorm
462,Flashset
463,Yamia
464,Jaxworks
465,Wikizz
466,Thoughtmix
467,Realblab
468,Demizz
469,Oyoba
470,Kwimbee
471,Wikido
472,Quimba
473,Tagopia
474,Fadeo
475,Kaymbo
476,Yodel
477,Blogpad
478,Oloo
479,Zoonder
480,Ainyx
481,Centizu
482,Gigazoom
483,Babbleopia
484,Centizu
485,Feedmix
486,BlogXS
487,Yotz
488,Topiclounge
489,Realmix
490,Oyoba
491,Trupe
492,Photolist
493,Bubbletube
494,Fivespan
495,Dabfeed
496,Youtags
497,Ailane
498,Tambee
499,Zoomdog
500,Yata
501,Skippad
502,Feedfish
503,Leenti
504,Demimbu
505,Chatterpoint
506,Camimbo
507,Wikibox
508,Edgeclub
509,DabZ
510,Gabtype
511,Realbuzz
512,Trudeo
513,Feedfire
514,Quimm
515,Wordware
516,Brainlounge
517,Shuffletag
518,Plambee
519,Snaptags
520,Jetwire
521,Tagtune
522,Skyba
523,Ntags
524,Tekfly
525,Photobug
526,Buzzbean
527,Pixope
528,Feedfish
529,Yata
530,Brainlounge
531,Feednation
532,Meeveo
533,Skaboo
534,Muxo
535,Roodel
536,Browsecat
537,Flipstorm
538,Photospace
539,Thoughtstorm
540,Topicblab
541,Fivechat
542,Pixonyx
543,Edgeblab
544,Feedfire
545,Devbug
546,Demimbu
547,Voonix
548,Topiclounge
549,Photobug
550,Dablist
551,Topicblab
552,Jaxbean
553,Buzzster
554,Voolith
555,Browsedrive
556,Kaymbo
557,Jabberbean
558,Geba
559,Pixoboo
560,Avamm
561,Rooxo
562,Livetube
563,Oyonder
564,Topicblab
565,Wordtune
566,Jaxworks
567,Realbridge
568,Chatterbridge
569,Riffpedia
570,Voonyx
571,Dabfeed
572,Fadeo
573,Edgeclub
574,Youbridge
575,Mudo
576,Babbleset
577,Brainlounge
578,Realfire
579,Zoonoodle
580,Mymm
581,Rhybox
582,Flashpoint
583,Babbleset
584,Realmix
585,Gigashots
586,Bubblebox
587,Oyoyo
588,Gigaclub
589,Skyba
590,Yodel
591,Voolith
592,Yozio
593,Gigashots
594,Kare
595,Feedbug
596,Oyondu
597,Divavu
598,Wordtune
599,Babblestorm
600,Aimbu
601,Plajo
602,Edgeify
603,Jabbersphere
604,Bluejam
605,Ntags
606,Buzzdog
607,Pixonyx
608,Tavu
609,Wordpedia
610,Youtags
611,Riffpath
612,Kwideo
613,Katz
614,Tanoodle
615,Roomm
616,Brainlounge
617,Flipbug
618,Riffwire
619,Kwimbee
620,Devpulse
621,Meeveo
622,Riffpedia
623,InnoZ
624,Voomm
625,Cogibox
626,Buzzshare
627,Browsetype
628,Wikido
629,Vimbo
630,Tagfeed
631,Yodel
632,Plajo
633,Mita
634,Kimia
635,Realblab
636,Topicstorm
637,Avaveo
638,Bluejam
639,Kimia
640,Skynoodle
641,Ozu
642,Miboo
643,Twitterlist
644,Yadel
645,Pixonyx
646,Riffwire
647,LiveZ
648,Livetube
649,Youtags
650,Skyble
651,Blogtags
652,Dabjam
653,Divanoodle
654,Dabtype
655,Zoomcast
656,Kwilith
657,Dabfeed
658,Dabvine
659,Zoombox
660,Realblab
661,Skilith
662,Vinder
663,Lajo
664,Dabfeed
665,Cogilith
666,Blogtags
667,Browsebug
668,Zoovu
669,Avamba
670,Skyba
671,Camimbo
672,Avamm
673,Trilia
674,Dabtype
675,Plambee
676,Youopia
677,Teklist
678,Jaxnation
679,Bluejam
680,Fivechat
681,Zooveo
682,Buzzshare
683,Voolith
684,Dazzlesphere
685,Tagopia
686,Bubblebox
687,Thoughtworks
688,Dabshots
689,Ailane
690,Twinder
691,Katz
692,Skajo
693,Babbleopia
694,Yotz
695,Muxo
696,Skajo
697,Zooxo
698,Oyonder
699,Devify
700,Jabbertype
701,Quatz
702,Vinte
703,Trunyx
704,Mymm
705,Dabtype
706,Dabshots
707,Kwinu
708,Jetpulse
709,Devify
710,Fatz
711,Thoughtworks
712,Yamia
713,Edgewire
714,Photospace
715,Rhyzio
716,Dabjam
717,Skiba
718,Kayveo
719,Kwideo
720,Edgewire
721,Tambee
722,Tagtune
723,Realfire
724,Trudeo
725,Thoughtstorm
726,Edgewire
727,Devcast
728,Wikivu
729,Mybuzz
730,Vimbo
731,Trudoo
732,Mydeo
733,Zoonder
734,Topicware
735,Twitterworks
736,Fivebridge
737,Realcube
738,Ntag
739,Tagtune
740,Oyoyo
741,Feedfish
742,Topicstorm
743,Skinder
744,Devpulse
745,Agimba
746,Divanoodle
747,Devpoint
748,Tagopia
749,Yadel
750,Eare
751,Fliptune
752,Ntags
753,Jatri
754,Tagopia
755,Twimbo
756,Skiptube
757,Zooxo
758,Feedbug
759,Linktype
760,Browsezoom
761,Wikizz
762,Yata
763,Devshare
764,Youspan
765,Zoomcast
766,Meevee
767,Rhyzio
768,Demimbu
769,Realmix
770,Pixoboo
771,Chatterpoint
772,Zoonder
773,Brightdog
774,Flashpoint
775,Flashspan
776,Leenti
777,Einti
778,Skyndu
779,Agimba
780,Jaxnation
781,Youfeed
782,Eayo
783,Riffwire
784,Thoughtstorm
785,Chatterpoint
786,Photolist
787,Plambee
788,Thoughtmix
789,Mynte
790,Buzzshare
791,Digitube
792,Youbridge
793,Yodoo
794,Blogtag
795,Eabox
796,Teklist
797,Bubblebox
798,Zoomzone
799,Quinu
800,Skajo
801,Thoughtstorm
802,Kwilith
803,Yoveo
804,Katz
805,Dablist
806,Divape
807,Youfeed
808,Livetube
809,Oyoloo
810,Kwilith
811,Vinder
812,Gabcube
813,Thoughtblab
814,Skippad
815,DabZ
816,Linkbridge
817,Kwimbee
818,Zoovu
819,Twitterlist
820,Yombu
821,Feedspan
822,Blogtags
823,Centimia
824,Twinder
825,Blogtags
826,Vinte
827,Brightbean
828,Oba
829,Kwinu
830,Oodoo
831,Kwilith
832,DabZ
833,Teklist
834,Cogilith
835,Aimbo
836,Wordware
837,Jetpulse
838,Vitz
839,Livefish
840,Eare
841,Zoomcast
842,Babbleopia
843,Browsecat
844,Kwinu
845,Jayo
846,Kanoodle
847,Rhybox
848,Kanoodle
849,Flashspan
850,Rhycero
851,Layo
852,Vimbo
853,Skyba
854,BlogXS
855,Photobean
856,Reallinks
857,Quire
858,Meedoo
859,Wikivu
860,Fatz
861,Vinte
862,Babblestorm
863,Trilith
864,Yabox
865,Devbug
866,Eimbee
867,Gigazoom
868,Meembee
869,Bubbletube
870,Oyope
871,Shufflebeat
872,Buzzster
873,Einti
874,Tazz
875,Voomm
876,Jayo
877,Ooba
878,Photofeed
879,Meezzy
880,Wikibox
881,Twitternation
882,Katz
883,Ntag
884,Trupe
885,Mita
886,Babbleopia
887,Photobean
888,Jetpulse
889,Gabvine
890,Shufflebeat
891,Gigazoom
892,Wikibox
893,Zoomcast
894,Shufflebeat
895,Trilith
896,Realbridge
897,Geba
898,Skibox
899,Yambee
900,Mybuzz
901,Jabbercube
902,Wikibox
903,Zooveo
904,Aimbu
905,Demivee
906,Topicware
907,Skidoo
908,Aibox
909,Tagchat
910,Yozio
911,Yozio
912,Dynava
913,Oyondu
914,Eire
915,Jabbersphere
916,Vitz
917,Realcube
918,Dabshots
919,Trilith
920,Eare
921,Jazzy
922,Zoomlounge
923,Mycat
924,Zava
925,Livefish
926,Dabvine
927,Voomm
928,Skalith
929,Vidoo
930,Oyoloo
931,Topdrive
932,Thoughtbridge
933,Einti
934,Eimbee
935,Mita
936,Thoughtworks
937,Jetpulse
938,Roombo
939,Flashpoint
940,Abata
941,Flipstorm
942,Shuffletag
943,Innotype
944,Eabox
945,Yodo
946,Latz
947,Skajo
948,Meetz
949,Skivee
950,Voonte
951,Meemm
952,Browsedrive
953,Teklist
954,Cogilith
955,Kamba
956,Twinder
957,Wordware
958,Teklist
959,Centimia
960,Skivee
961,Rhynoodle
962,Abata
963,Eayo
964,Zoomlounge
965,Chatterbridge
966,Wordify
967,Abata
968,Teklist
969,Browsebug
970,Yabox
971,Photofeed
972,Thoughtbridge
973,Skyndu
974,Flipbug
975,Roodel
976,Meetz
977,Shufflebeat
978,Brainbox
979,Feednation
980,Dabtype
981,Voonix
982,Avamm
983,LiveZ
984,Katz
985,Skalith
986,Lajo
987,Wordpedia
988,Twitternation
989,Feedbug
990,Topicstorm
991,Pixoboo
992,Skivee
993,Wikizz
994,Shufflebeat
995,Jetpulse
996,Skipfire
997,Mudo
998,Wordtune
999,Edgeify
1000,Wordpedia
